{
    "Linear Regression": {
        "MSE": 24.291119474973325,
        "R2": 0.6687594935356347
    },
    "Decision Tree": {
        "MSE": 11.142843137254903,
        "R2": 0.8480530710805643
    },
    "Random Forest": {
        "MSE": 8.074299960784312,
        "R2": 0.889896585000501
    }
}